Median.RR,Fv.Fm.end,BW.change,Ratio
3.626,0.375166667,0.1574,144.7360649
2.363,0.399,0.1989,7.885817512
2.335,0.382666667,0.249783333,40.46069994
2.388,0.368,0.23205,149.7360649
1.014,0.404666667,0.244633333,7.885817512
0.9939,0.3745,0.191216667,40.46069994
4.954,0.382,0.178066667,144.7360649
2.328,0.435,0.23494,7.885817512
2.325,0.352,0.209,40.46069994
2.37,0.341833333,0.05375,144.7360649
2.369,0.436,0.107,7.885817512
2.316,0.356166667,0.15692,40.46069994
